transferee,description,consideration_received,amount,page
"

(2) Name of Transferee: AL Services
EIN: N/A

Address:

Country of Incorporation Cayman Islands

","Oberlin College (EIN: 34-0714363) owns an interest in Ahoy Capital Seed Technology Partners IV, LP
(EIN: 83-1663248), who provided a Schedule K-1,

Partner's Share of Income, Deduction, Credit, etc. to Oberlin College describing

a IRC Sec. 351 contribution made by Ahoy Capital Seed Technology Partners IV, LP

to AL Services.

(3) Consideration received: ","Ownership interest in AL Services believed at the time to be equal in
value to the cash transferred and consisting of stock in the foreign corporation","$191,768",94
"

(2) Name of Transferee: Plotlogic Pty, Ltd

EIN: N/A

Address: 12 Thompson Street, Bowen Hills
QLD 4006 Australia

Country of Incorporation Australia

","Oberlin College (EIN: 34-0714363) owns an interest in Ahoy Capital Seed Technology Partners IV, LP
(EIN: 83-1663248), who provided a Schedule K-1,

Partner's Share of Income, Deduction, Credit, etc. to Oberlin College describing

a IRC Sec. 351 contribution made by Ahoy Capital Seed Technology Partners IV, LP

to Plotlogic Pty, Ltd.

(3) Consideration received: ","Ownership interest in Plotlogic Pty, Ltd believed at the time to be equal in
value to the cash transferred and consisting of stock in the foreign corporation","$159,806",95
"

(2) Name of Transferee: Rei Do Pitaco Limited
EIN: N/A

Address:

Country of Incorporation Cayman Islands

","Oberlin College (EIN: 34-0714363) owns an interest in Ahoy Capital Seed Technology Partners IV, LP
(EIN: 83-1663248), who provided a Schedule K-1,

Partner's Share of Income, Deduction, Credit, etc. to Oberlin College describing

a IRC Sec. 351 contribution made by Ahoy Capital Seed Technology Partners IV, LP

to Rei Do Pitaco Limited.

(3) Consideration received: ","Ownership interest in Rei Do Pitaco Limited believed at the time to be equal in
value to the cash transferred and consisting of stock in the foreign corporation","$159,806",96
"

Clue By Biowink GmbH
N/A

Adalbertstrabe 7-8
Berlin, 10999 Germany
Germany

","Oberlin College (EIN: 34-0714363) owns an interest in Balderton Capital VII, SLP
(EIN: 98-1501043), who provided a Schedule K-1,

Partner's Share of Income, Deduction, Credit, etc. to Oberlin College describing
a IRC Sec. 351 contribution made by Balderton Capital VII, SLP

to Clue By Biowink GmbH.

","Ownership interest in Clue By Biowink GmbH believed at the time to be equal in
value to the cash transferred and consisting of stock in the foreign corporation","$161,483",97
"

Jokr S.A.R.L.

N/A

6 Rue Adolphe
L-1116 Luxembourg
Luxembourg

","Oberlin College (EIN: 34-0714363) owns an interest in Balderton Capital VII, SLP
(EIN: 98-1501043), who provided a Schedule K-1,

Partner's Share of Income, Deduction, Credit, etc. to Oberlin College describing
a IRC Sec. 351 contribution made by Balderton Capital VII, SLP

to Jokr S.A.R.L.

","Ownership interest in Jokr S.A.R.L. believed at the time to be equal in
value to the cash transferred and consisting of stock in the foreign corporation","$238,846",98
"

Ubits Learning Solutions, S.A.S.
N/A

Carrea 7 Bis #106-39

Bogota, Colombia

Colombia

","Oberlin College (EIN: 34-0714363) owns an interest in OWL ventures III, LP
(EIN: 83-0910683), who provided a Schedule K-1,

Partner's Share of Income, Deduction, Credit, etc. to Oberlin College describing
a IRC Sec. 351 contribution made by OWL ventures III, LP

to Ubits Learning Solutions, S.A.S.

","Ownership interest in Ubits Learning Solutions, S.A.S. believed at the time to be equal in
value to the cash transferred and consisting of stock in the foreign corporation","$180,202",99
"

Leap Technologies Private Ltd

N/A

11 Collyer Quay

#17-00 The Arcade, Singapore 049317
Singapore

","Oberlin College (EIN: 34-0714363) owns an interest in Owl Ventures IV, LP
(EIN: 85-0853105), who provided a Schedule K-1,

Partner's Share of Income, Deduction, Credit, etc. to Oberlin College describing
a IRC Sec. 351 contribution made by Owl Ventures IV, LP

to Leap Technologies Private Ltd.

","Ownership interest in Leap Technologies Private Ltd believed at the time to be equal in
value to the cash transferred and consisting of stock in the foreign corporation","$160,001",100
"

Morressier GmbH

N/A

Zossener Strasse 55-58
10961 Berlin, Germany
Germany

","Oberlin College (EIN: 34-0714363) owns an interest in Owl Ventures IV, LP

(EIN: 85-0853105), who provided a Schedule K-1,

Partner's Share of Income, Deduction, Credit, etc. to Oberlin College describing
a IRC Sec. 351 contribution made by Owl Ventures IV, LP

to Morressier GmbH.

","Ownership interest in Morressier GmbH believed at the time to be equal in
value to the cash transferred and consisting of stock in the foreign corporation","$107,700",101
"

Pplingo Holdings, Ltd

N/A

Vistra Corporate Services Centre, Wickhams Cay
Road Town, Tortola, VG1110, British Virgin Islands
British Virgin Islands

","Oberlin College (EIN: 34-0714363) owns an interest in Owl Ventures IV, LP

(EIN: 85-0853105), who provided a Schedule K-1,

Partner's Share of Income, Deduction, Credit, etc. to Oberlin College describing
a IRC Sec. 351 contribution made by Owl Ventures IV, LP

to Pplingo Holdings, Ltd.

","Ownership interest in Pplingo Holdings, Ltd believed at the time to be equal in
value to the cash transferred and consisting of stock in the foreign corporation","$143,831",102
"

(2) Name of Transferee: SNYK, Ltd

EIN: N/A

Address: 50 Broadway, Suite 4, 7th Floor
London, UK SW1H ODB

Country of Incorporation United Kingdom

","Oberlin College (EIN: 34-0714363) owns an interest in Stripes III Offshore AIV, LP

(EIN: 98-1257392), who provided a Schedule K-1, Partner's Share of Income, Deduction, Credit, etc.
to Oberlin College describing a IRC Sec. 351 contribution made by Stripes ||| Offshore AIV, LP

to SNYK, Ltd.

(3) Consideration received: ","Ownership interest in SNYK, Ltd believed at the time to be equal in
value to the cash transferred and consisting of stock in the foreign corporation","$341,712",103
"

(2) Name of Transferee: Castle Tech GmbH

EIN: N/A

Address: Mariendorfer Damm 1
Berlin, 12099, Germany

Country of Incorporation Germany

","Oberlin College (EIN: 34-0714363) owns an interest in Stripes IV Offshore AIlV, LP

(EIN: 98-1423490), who provided a Schedule K-1, Partner's Share of Income, Deduction, Credit, etc.
to Oberlin College describing a IRC Sec. 351 contribution made by Stripes IV Offshore AIV, LP

to Castle Tech GmbH.

(3) Consideration received: ","Ownership interest in Castle Tech GmbH believed at the time to be equal in
value to the cash transferred and consisting of stock in the foreign corporation","$116,346",104
"

(2) Name of Transferee: Cyber Hunters Ltd.
EIN: N/A
Address: 82 Yigal Alon St
Tel Aviv, 6789139, Israel
Country of Incorporation Israel

","Oberlin College (EIN: 34-0714363) owns an interest in Stripes IV Offshore AIV, LP

(EIN: 98-1423490), who provided a Schedule K-1, Partner's Share of Income, Deduction, Credit, etc. to Oberlin
College describing a IRC Sec. 351 contribution made by Stripes IV Offshore AIV, LP

to Cyber Hunters Ltd.

(3) Consideration received: ","Ownership interest in Cyber Hunters Ltd. believed at the time to be equal in
value to the cash transferred and consisting of stock in the foreign corporation","$135,242",105
"

(2) Name of Transferee: Mobilesson Ltd.
EIN: N/A
Address: 111 Arlozorov St.
Tel Aviv, 6209809, Israel
Country of Incorporation Israel

","Oberlin College (EIN: 34-0714363) owns an interest in Stripes IV Offshore AIV, LP

(EIN: 98-1423490), who provided a Schedule K-1, Partner's Share of Income, Deduction, Credit, etc. to Oberlin
College describing a IRC Sec. 351 contribution made by Stripes IV Offshore AIV, LP

to Mobilesson Ltd.

(3) Consideration received: ","Ownership interest in Mobilesson Ltd. believed at the time to be equal in
value to the cash transferred and consisting of stock in the foreign corporation","$225,354",106
"

N26 GmbH

N/A

Rungestr. 22 (3. Hinterhof)
10179 Berlin, Germany
Germany

","Oberlin College (EIN: 34-0714363) owns an interest in Valar Velocity Fund 2 LP
(EIN: 84-4987077), who provided a Schedule K-1, Partner's

Share of Income, Deduction, Credit, etc. to Oberlin

College describing a IRC Sec. 351 contribution made by Valar Velocity Fund 2 LP
to N26 GmbH.

","Ownership interest in N26 GmbH believed at the time to be equal in
value to the cash transferred and consisting of stock in the foreign corporation","$51,126",107
"

Davanti Group BV

N/A

Hogeweg 35-E, Zaltbomm
5301 U Netherlands
Netherlands

","Oberlin College (EIN: 34-0714363) owns an interest in WCP Newcold LP

(EIN: 47-3997648), who provided a Schedule K-1, Partner's

Share of Income, Deduction, Credit, etc. to Oberlin

College describing a IRC Sec. 351 contribution made by Newcold Holdings, LLC
to Davanti Group BV.

","Ownership interest in Davanti Group BV believed at the time to be equal in
value to the cash transferred and consisting of stock in the foreign corporation","$11,612",108
"

Newcold Argentan Holding BV

N/A

Gravinnen Van Nassauboulevard 105
Breda, 4811 BN, Netherlands
Netherlands

","Oberlin College (EIN: 34-0714363) owns an interest in WCP Newcold LP

(EIN: 47-3997648), who provided a Schedule K-1, Partner's

Share of Income, Deduction, Credit, etc. to Oberlin

College describing a IRC Sec. 351 contribution made by Newcold Holdings, LLC
to Newcold Argentan Holding BV.

","Ownership interest in Newcold Argentan Holding BV believed at the time to be equal in
value to the cash transferred and consisting of stock in the foreign corporation","$14,023",109
"

Flixmobility GmbH

N/A

Friedenheimer Brucke 16
80639 Munich Germany
Germany

","Oberlin College (EIN: 34-0714363) owns an interest in Hedosophia Partners IV L.P.
(EIN: N/A), who provided a Schedule K-1,

Partner's Share of Income, Deduction, Credit, etc. to Oberlin

College describing a IRC Sec. 351 contribution made by Hedosophia Partners IV L.P.
to Flixmobility GmbH.

","Ownership interest in Flixmobility GmbH believed at the time to be equal in
value to the cash transferred and consisting of stock in the foreign corporation","$363,408",110
"

Glovoapp23, S.L.

N/A

Calle Pujades, Number 94
Barcelona, Spain

Spain

","Oberlin College (EIN: 34-0714363) owns an interest in Hedosophia Partners IV L.P.
(EIN: N/A), who provided a Schedule K-1,

Partner's Share of Income, Deduction, Credit, etc. to Oberlin

College describing a IRC Sec. 351 contribution made by Hedosophia Partners IV L.P.
to Glovoapp23, S.L.

","Ownership interest in Glovoapp23, S.L. believed at the time to be equal in
value to the cash transferred and consisting of stock in the foreign corporation","$321,423",111
"

Kry International AB

N/A

Torsgatan 21, 113 21

113 21 Stockholm, Sweden
Sweden

","Oberlin College (EIN: 34-0714363) owns an interest in Hedosophia Partners IV L.P.
(EIN: N/A), who provided a Schedule K-1,

Partner's Share of Income, Deduction, Credit, etc. to Oberlin

College describing a IRC Sec. 351 contribution made by Hedosophia Partners IV L.P.
to Kry International AB.

","Ownership interest in Kry International AB believed at the time to be equal in
value to the cash transferred and consisting of stock in the foreign corporation","$282,096",112
"

The Power MBA

N/A

Calle Francisco Silvea, 42
Madrid, 28028, Spain
Spain

","Oberlin College (EIN: 34-0714363) owns an interest in Hedosophia Partners IV L.P.
(EIN: N/A), who provided a Schedule K-1,

Partner's Share of Income, Deduction, Credit, etc. to Oberlin

College describing a IRC Sec. 351 contribution made by Hedosophia Partners IV L.P.
to The Power MBA.

","Ownership interest in The Power MBA believed at the time to be equal in
value to the cash transferred and consisting of stock in the foreign corporation","$231,645",113
"

Yoco Holdings C1/GBL

N/A

56 Shortmarket Street

Cape Town, 8001, South Africa
South Africa

","Oberlin College (EIN: 34-0714363) owns an interest in Hedosophia Partners IV L.P.
(EIN: N/A), who provided a Schedule K-1,

Partner's Share of Income, Deduction, Credit, etc. to Oberlin

College describing a IRC Sec. 351 contribution made by Hedosophia Partners IV L.P.
to Yoco Holdings C1/GBL.

","Ownership interest in Yoco Holdings C1/GBL believed at the time to be equal in
value to the cash transferred and consisting of stock in the foreign corporation","$225,036",114
"

Opay Limited

N/A

P.O. Box 31119 Grand Pavilion, Hibiscus Way, 802 West Bay Road
Grand Cayman, KY1-1205 Cayman Islands

Cayman Islands

","Oberlin College (EIN: 34-0714363) owns an interest in Hedosophia Partners IV L.P.
(EIN: N/A), who provided a Schedule K-1,

Partner's Share of Income, Deduction, Credit, etc. to Oberlin

College describing a IRC Sec. 351 contribution made by Hedosophia Partners IV L.P.
to Opay Limited.

","Ownership interest in Opay Limited believed at the time to be equal in
value to the cash transferred and consisting of stock in the foreign corporation","$148,148",115
"

Tulp Street Pte Limited

N/A

50 Raffles Place #37-00, Singapore Land Tower
Singapore 048623

Singapore

","Oberlin College (EIN: 34-0714363) owns an interest in Hedosophia Partners IV L.P.
(EIN: N/A), who provided a Schedule K-1,

Partner's Share of Income, Deduction, Credit, etc. to Oberlin

College describing a IRC Sec. 351 contribution made by Hedosophia Partners IV L.P.
to Tulp Street Pte Limited

","Ownership interest in Tulp Street Pte Limited believed at the time to be equal in
value to the cash transferred and consisting of stock in the foreign corporation","$206,008",116
"

Salt Pay Co Ltd.

N/A

Intertrust Corporate Services (Cayman) Limited, One Nexus Way
Camana Bay, Grand Cayman, KY1-9005, Cayman Islands

Cayman Islands

","Oberlin College (EIN: 34-0714363) owns an interest in Hedosophia Partners IV L.P.
(EIN: N/A), who provided a Schedule K-1,

Partner's Share of Income, Deduction, Credit, etc. to Oberlin

College describing a IRC Sec. 351 contribution made by Hedosophia Partners IV L.P.
to Salt Pay Co Ltd.

","Ownership interest in Salt Pay Co Ltd. believed at the time to be equal in
value to the cash transferred and consisting of stock in the foreign corporation","$343,363",117
"

Scalable Capital GmbH
N/A

Seitzstrabe 8E

80538 Munich, Germany
Germany

","Oberlin College (EIN: 34-0714363) owns an interest in Hedosophia Partners IV L.P.
(EIN: N/A), who provided a Schedule K-1,

Partner's Share of Income, Deduction, Credit, etc. to Oberlin

College describing a IRC Sec. 351 contribution made by Hedosophia Partners IV L.P.
to Scalable Capital GmbH.

","Ownership interest in Scalable Capital GmbH believed at the time to be equal in
value to the cash transferred and consisting of stock in the foreign corporation","$223,832",118
"

Swile

N/A

561 Rue Geroges Melies
34000 Montpellier, France
France

","Oberlin College (EIN: 34-0714363) owns an interest in Hedosophia Partners IV L.P.
(EIN: N/A), who provided a Schedule K-1,

Partner's Share of Income, Deduction, Credit, etc. to Oberlin

College describing a IRC Sec. 351 contribution made by Hedosophia Partners IV L.P.
to Swile.

","Ownership interest in Swile believed at the time to be equal in
value to the cash transferred and consisting of stock in the foreign corporation","$253,882",119
"

Webull Corporatoin

N/A

Sertus Incorporations (Cayman) Limited, Sertus Chambers, Governors Squares, Suite #5-204
23 Lime Tree Bay Avenue, P.O. Box 2547, Grand Cayman, KY1-1104, Cayman Islands
Cayman Islands

","Oberlin College (EIN: 34-0714363) owns an interest in Hedosophia Partners IV L.P.
(EIN: N/A), who provided a Schedule K-1,

Partner's Share of Income, Deduction, Credit, etc. to Oberlin

College describing a IRC Sec. 351 contribution made by Hedosophia Partners IV L.P.
to Webull Corporation

","Ownership interest in Webull Corporation believed at the time to be equal in
value to the cash transferred and consisting of stock in the foreign corporation","$333,005",120
"

Bought by Many Limited

N/A

Unit 1B, 1-10 Summers Street
London, UK EC1R 5BD
United Kingdom

","Oberlin College (EIN: 34-0714363) owns an interest in Hedosophia Partners IV L.P.
(EIN: N/A), who provided a Schedule K-1,

Partner's Share of Income, Deduction, Credit, etc. to Oberlin

College describing a IRC Sec. 351 contribution made by Hedosophia Partners IV L.P.
to Bought by Many Limited.

","Ownership interest in Bought by Many Limited believed at the time to be equal in
value to the cash transferred and consisting of stock in the foreign corporation","$326,566",121
"

Skaleet SA F/K/A Tagpay SA

N/A

86-90 Rue Du Dome

Boulogne Billancourt, 92100 France
France

","Oberlin College (EIN: 34-0714363) owns an interest in Long Arc Capital Fund |, L.P.
(EIN: 84-3852891), who provided a Schedule K-1,

Partner's Share of Income, Deduction, Credit, etc. to Oberlin

College describing a IRC Sec. 351 contribution made by LAC TP Holdco, L.P.

to Skaleet SA F/K/A Tagpay SA

","Ownership interest in Skaleet SA F/K/A Tagpay SA believed at the time to be equal in
value to the cash transferred and consisting of stock in the foreign corporation","$133,964",122
"

Fireblocks Ltd.

N/A

150 Begin Menachem Rd

Tel Aviv-Jaffa, Israel 6492105
Israel

","Oberlin College (EIN: 34-0714363) owns an interest in Stripes V(A) Offshore AIV, LP
(EIN: 98-1576367), who provided a Schedule K-1,

Partner's Share of Income, Deduction, Credit, etc. to Oberlin

College describing a IRC Sec. 351 contribution made by Stripes V(A) Offshore AIV, LP
to Fireblocks Ltd.

","Ownership interest in Fireblocks Ltd. believed at the time to be equal in
value to the cash transferred and consisting of stock in the foreign corporation","$477,298",123
"

Barbara Sturm Molecular Cosmetics GmbH
N/A

Konigsallee 24

40212 Dusseldorft, Germany

Germany

","Oberlin College (EIN: 34-0714363) owns an interest in Stripes V(A) Offshore AIV, LP
(EIN: 98-1576367), who provided a Schedule K-1,

Partner's Share of Income, Deduction, Credit, etc. to Oberlin

College describing a IRC Sec. 351 contribution made by Stripes V(A) Offshore AIV, LP
to Barbara Sturm Molecular Cosmetics GmbH.

","Ownership interest in Barbara Sturm Molecular Cosmetics GmbH believed at the time to be equal in
value to the cash transferred and consisting of stock in the foreign corporation","$235,443",124
"

Orca Security Ltd.

N/A

Hamasger St 66

Tel Aviv-Yafo, Israel 6721714
Israel

","Oberlin College (EIN: 34-0714363) owns an interest in Stripes V(A) Offshore AIV, LP
(EIN: 98-1576367), who provided a Schedule K-1,

Partner's Share of Income, Deduction, Credit, etc. to Oberlin

College describing a IRC Sec. 351 contribution made by Stripes V(A) Offshore AIV, LP
to Orca Security Ltd.

","Ownership interest in Orca Security Ltd. believed at the time to be equal in
value to the cash transferred and consisting of stock in the foreign corporation","$239,026",125
"

(2) Name of Transferee: Mobilesson Ltd.
EIN: N/A
Address: 111 Arlozorov
Tel Aviv - Jaffa, Israel 6209809
Country of Incorporation Israel

","Oberlin College (EIN: 34-0714363) owns an interest in Stripes V(A) Offshore AIV, LP
(EIN: 98-1576367), who provided a Schedule K-1,

Partner's Share of Income, Deduction, Credit, etc. to Oberlin

College describing a IRC Sec. 351 contribution made by Stripes V(A) Offshore AIV, LP
to Mobilesson Ltd.

(3) Consideration received: ","Ownership interest in Mobilesson Ltd. believed at the time to be
equal in value to the cash transferred and consisting of stock in the foreign corporation","$159,359",126
"

Bitpanda GmbH

N/A

Stella-Klein-Low Weg 17
1020 Vienna, Austria
Austria

","Oberlin College (EIN: 34-0714363) owns an interest in Valar Fund VII LP

(EIN: 86-2223256), who provided a Schedule K-1, Partner's Share of Income, Deduction,
Credit, etc. to Oberlin College describing a IRC Sec. 351 contribution made by

Valar Fund VII LP to Bitpanda GmbH.

","Ownership interest in Bitpanda GmbH believed at the time to be equal in
value to the cash transferred and consisting of stock in the foreign corporation","$453,693",127
"

Majority AB

N/A

Jakobsbergsgatan 16
Stockholm, Sweden, 111 44
Sweden

","Oberlin College (EIN: 34-0714363) owns an interest in Valar Fund VII LP

(EIN: 86-2223256), who provided a Schedule K-1, Partner's Share of Income, Deduction,
Credit, etc. to Oberlin College describing a IRC Sec. 351 contribution made by

Valar Fund VII LP to Majority AB.

","Ownership interest in Majority AB believed at the time to be equal in
value to the cash transferred and consisting of stock in the foreign corporation","$152,726",128
"

Buku Pte. Ltd.

N/A

2 Marina Boulevard #19-10
Singapore 018987
Singapore

","Oberlin College (EIN: 34-0714363) owns an interest in Buku Pte. Ltd.

(EIN: 86-2223256), who provided a Schedule K-1, Partner's Share of Income, Deduction,
Credit, etc. to Oberlin College describing a IRC Sec. 351 contribution made by

Valar Fund VII LP to Buku Pte. Ltd.

","Ownership interest in Buku Pte. Ltd. believed at the time to be equal in
value to the cash transferred and consisting of stock in the foreign corporation","$214,945",129
"

Anomaly Capital International Ltd

98-1549313

Walkers Corporate Limited, 190 Elgin Avenue

George Town, Grand Cayman KY1-9008, Cayman Islands
Cayman Islands

","Oberlin College (EIN: 34-0714363) owns an interest in Anomaly Capital
International Ltd (EIN: 98-1549313). Oberlin College made direct contributions described
under IRC Sec. 351 of cash to Anomaly Capital International Ltd.

","Ownership interest in Anomaly Capital International Ltd believed at the time to be equal in
value to the cash transferred and consisting of stock in the foreign corporation","$4,000,000",130
"

ARCM Feeder Fund IV Ltd.

N/A

27 Hospital Road

George Town, Grand Cayman KY1-9008, Cayman Islands
Cayman Islands

","Oberlin College (EIN: 34-0714363) owns an interest in ARCM Feeder Fund IV Ltd.
(EIN: N/A). Oberlin College made direct contributions described
under IRC Sec. 351 of cash to ARCM Feeder Fund IV Ltd.

","Ownership interest in ARCM Feeder Fund IV Ltd. believed at the time to be equal in
value to the cash transferred and consisting of stock in the foreign corporation","$800,000",131
"

CoreView Offshore Fund Ltd

N/A

Walkers Corporate Limited, 190 Elgin Avenue

George Town, Grand Cayman KY1-9008, Cayman Islands
Cayman Islands

","Oberlin College (EIN: 34-0714363) owns an interest in CoreView Offshore
Fund Ltd (EIN: N/A). Oberlin College made a direct contribution described
under IRC Sec. 351 of cash to CoreView Offshore Fund Ltd.

","Ownership interest in CoreView Offshore Fund Ltd believed at the time to be equal in
value to the cash transferred and consisting of stock in the foreign corporation","$5,500,000",132
"

Kora Offshore Fund Ltd

98-1146963

PO Box 309, Ugland House, South Church Street

George Town, Grand Cayman KY1-1104, Cayman Islands
Cayman Islands

","Oberlin College (EIN: 34-0714363) owns an interest in Kora Offshore
Fund Ltd (EIN: N/A). Oberlin College made a direct contribution described
under IRC Sec. 351 of cash to CoreView Offshore Fund Ltd.

","Ownership interest in Kora Offshore Fund Ltd believed at the time to be equal in
value to the cash transferred and consisting of stock in the foreign corporation","$10,000,000",133
"

Soleus Capital Offshore, Ltd.
N/A

104 Field Point Road, 2nd Floor
Cayman Islands

Cayman Islands

","Oberlin College (EIN: 34-0714363) owns an interest in Soleus Capital Offshore, Ltd.
(EIN: N/A). Oberlin College made a direct contribution described
under IRC Sec. 351 of cash to CoreView Offshore Fund Ltd.

","Ownership interest in Soleus Capital Offshore, Ltd. believed at the time to be equal in
value to the cash transferred and consisting of stock in the foreign corporation","$15,000,000",134
"

Neo Financial Technologies Inc.
N/A

200-632 Cenfluence Way SE
Calgary, AB Canada T2G 0G1
Canada

","Oberlin College (EIN: 34-0714363) owns an interest in Valar Fund VI LP

(EIN: 84-4735286), who provided a Schedule K-1, Partner's Share of Income, Deduction,
Credit, etc. to Oberlin College describing a IRC Sec. 351 contribution made by

Valar Fund VI LP to Neo Financial Technologies Inc.

","Ownership interest in Neo Financial Technologies Inc. believed at the time to be equal in
value to the cash transferred and consisting of stock in the foreign corporation","$349,483",135
"

Nufin GmbH

N/A

Ziegelstr. 16

10117, Berlin, Germany
Germany

","Oberlin College (EIN: 34-0714363) owns an interest in Valar Fund VI LP

(EIN: 84-4735286), who provided a Schedule K-1, Partner's Share of Income, Deduction,
Credit, etc. to Oberlin College describing a IRC Sec. 351 contribution made by

Valar Fund VI LP to Nufin GmbH.

","Ownership interest in Nufin GmbH believed at the time to be equal in
value to the cash transferred and consisting of stock in the foreign corporation","$211,775",136
"

Lion TopCo Limited
N/A

10 Bressenden Place
London, UK SW1E 5DH
United Kingdom

","Oberlin College (EIN: 34-0714363) owns an interest in Marlin Equity V, LP

(EIN: 98-1347330), who provided a Schedule K-1, Partner's Share of Income, Deduction,
Credit, etc. to Oberlin College describing a IRC Sec. 351 contribution made by

Marlin Equity V, LP to Lion TopCo Limited

","Ownership interest in Lion TopCo Limited believed at the time to be equal in
value to the cash transferred and consisting of stock in the foreign corporation","$204,312",137
"

Blue Phoenix Holding B.V.

N/A

Petroleumweg 32D

3196 KD Rotterdam, Netherlands
Netherlands

","Oberlin College (EIN: 34-0714363) owns an interest in WPEF VI Feeder LP
(EIN: 98-0706142). WPEF VI Feeder LP made contributions described
under IRC Sec. 351 of cash to Blue Phoenix Holding B.V.

","Ownership interest in Blue Phoenix Holding B.V. believed at the time to be equal in
value to the cash transferred and consisting of stock in the foreign corporation","$413,016",138
"

Global Equestrian Group Holding ApS (fka StandbyCo 1 ApS)
N/A

Uggerhalnevej 80

9310 Vodskov, Denmark

Denmark

","Oberlin College (EIN: 34-0714363) owns an interest in WPEF VII Feeder LP
(EIN: 98-1378508). WPEF VII Feeder LP made contributions described
under IRC Sec. 351 of cash to Global Equestrian Group Holding ApS (fka StandbyCo 1 ApS)

","Ownership interest in Global Equestrian Group Holding ApS (fka StandbyCo 1 ApS) believed at the time to be
equal in value to the cash transferred and consisting of stock in the foreign corporation","$117,696",139
"

Rehab and Mental Healthcare Group B.V.
N/A

Prins Bernhardplein 200

1097 JB Amsterdam, Netherlands
Netherlands

","Oberlin College (EIN: 34-0714363) owns an interest in WPEF VII Feeder LP
(EIN: 98-1378508). WPEF VII Feeder LP made contributions described
under IRC Sec. 351 of cash to Rehab and Mental Healthcare Group B.V.

","Ownership interest in Rehab and Mental Healthcare Group B.V. believed at the time to be equal in
value to the cash transferred and consisting of stock in the foreign corporation","$579,693",140
"

Rehab and Mental Healthcare Group B.V.
N/A

Prins Bernhardplein 200

1097 JB Amsterdam, Netherlands
Netherlands

","Oberlin College (EIN: 34-0714363) owns an interest in WPEF VIII Feeder LP
(EIN: 98-1563212). WPEF VIII Feeder LP made contributions described
under IRC Sec. 351 of cash to Rehab and Mental Healthcare Group B.V.

","Ownership interest in Rehab and Mental Healthcare Group B.V. believed at the time to be equal in
value to the cash transferred and consisting of stock in the foreign corporation","$382,935",141
"

(2) Name of Transferee: Apollo Topco B.V.

EIN: N/A

Address: Antoon Catriestraat, 12
9031 Gent, Belgium

Country of Incorporation Belgium

","Oberlin College (EIN: 34-0714363) owns an interest in WPEF VIII Feeder LP
(EIN: 98-1563212). WPEF VIII Feeder LP made contributions described
under IRC Sec. 351 of cash to Apollo Topco B.V.

(3) Consideration received: ","Ownership interest in Apollo Topco B.V. believed at the time to be equal in
value to the cash transferred and consisting of stock in the foreign corporation","$365,946",142
"

(2) Name of Transferee: Cross Ocean Aviation Fund | (Intl) DAC

EIN: N/A

Address: 2 Grand Canal Square, Grand Canal Harbour
Dublin 2 DO2 A342, Ireland

Country of Incorporation lreland

","Oberlin College (EIN: 34-0714363) owns an interest in Cross Ocean Aviation Fund | Cayman Feeder LP
(EIN: 98-1351135), who provided a Schedule K-1, Partner's Share of Income, Deduction,

Credit, etc. to Oberlin College describing a IRC Sec. 351 contribution made by

Cross Ocean Aviation Fund | Cayman Feeder LP to Cross Ocean Aviation Fund | (Intl) DAC.

(3) Consideration received: ","Ownership interest in Cross Ocean Aviation Fund | (Intl) DAC believed at the time to be equal in
value to the cash transferred and consisting of stock in the foreign corporation","$2,807,638",143
"

ADA Support, Inc.

N/A

371 Front St W, Suite 314
Toronto, ON Canada M5V 3S8
Canada

","Oberlin College (EIN: 34-0714363) owns an interest in Firstmark Capital of Ill, L.P.

(EIN: 84-3808939), who provided a Schedule K-1, Partner's Share of Income, Deduction,
Credit, etc. to Oberlin College describing a IRC Sec. 351 contribution made by

Firstmark Capital of Ill, L.P. to ADA Support, Inc.

","Ownership interest in ADA Support, Inc. believed at the time to be equal in
value to the cash transferred and consisting of stock in the foreign corporation","$192,594",144
"

Synthesia Limited
N/A

16 Dufours Place
London, UK W1F 7SP
United Kingdom

","Oberlin College (EIN: 34-0714363) owns an interest in Firstmark Capital V, L.P.

(EIN: 84-3747650), who provided a Schedule K-1, Partner's Share of Income, Deduction,
Credit, etc. to Oberlin College describing a IRC Sec. 351 contribution made by

Firstmark Capital V, L.P. to Synthesia Limited

","Ownership interest in Synthesia Limited believed at the time to be equal in
value to the cash transferred and consisting of stock in the foreign corporation","$167,368",145
"

Chargelab Inc.

98-1484597

2967 Dundas St. W. #872
Toronto, ON, Canada, M6P 122
Canada

","Oberlin College (EIN: 34-0714363) owns an interest in Root Ventures II, LP

(EIN: 82-4045842), who provided a Schedule K-1, Partner's Share of Income, Deduction,
Credit, etc. to Oberlin College describing a IRC Sec. 351 contribution made by

Root Ventures II, LP to Chargelab Inc.

","Ownership interest in Chargelab Inc believed at the time to be equal in
value to the cash transferred and consisting of stock in the foreign corporation","$109,479",146
"

Kuda Technologies Limited
N/A

5 New Street Square
London, UK EC4A 3TW
United Kingdom

","Oberlin College (EIN: 34-0714363) owns an interest in Valar Fund VII LP

(EIN: 86-2223256), who provided a Schedule K-1, Partner's Share of Income, Deduction,
Credit, etc. to Oberlin College describing a IRC Sec. 351 contribution made by

Valar Fund VII LP to Kuda Technologies Limited.

","Ownership interest in Kuda Technologies Limited believed at the time to be equal in
value to the cash transferred and consisting of stock in the foreign corporation","$175,130",147
"

Shopup PTE. Ltd.
N/A

1B Trengganu St
Singapore 058455
Singapore

","Oberlin College (EIN: 34-0714363) owns an interest in Valar Fund VII LP

(EIN: 86-2223256), who provided a Schedule K-1, Partner's Share of Income, Deduction,
Credit, etc. to Oberlin College describing a IRC Sec. 351 contribution made by

Valar Fund VII LP to Shopup PTE. Ltd.

","Ownership interest in Shopup PTE. Ltd. believed at the time to be equal in
value to the cash transferred and consisting of stock in the foreign corporation","$287,113",148
"

DEFI Holding PTE. Ltd.

N/A

UOB Plaza, 80 Raffles Place #32-01
Singapore 048624

Singapore

","Oberlin College (EIN: 34-0714363) owns an interest in Valar Fund VII LP

(EIN: 86-2223256), who provided a Schedule K-1, Partner's Share of Income, Deduction,
Credit, etc. to Oberlin College describing a IRC Sec. 351 contribution made by

Valar Fund VII LP to DEF! Holding PTE. Ltd.

","Ownership interest in DEFl Holding PTE. Ltd. believed at the time to be equal in
value to the cash transferred and consisting of stock in the foreign corporation","$118,634",149
"

Svava Pte. Ltd.

N/A

6001 Beach Road, #22-01, Golden Mile Tower
Singapore 199589

Singapore

","Oberlin College (EIN: 34-0714363) owns an interest in Valar Fund VII LP

(EIN: 86-2223256), who provided a Schedule K-1, Partner's Share of Income, Deduction,
Credit, etc. to Oberlin College describing a IRC Sec. 351 contribution made by

Valar Fund VII LP to Svava Pte. Ltd.

","Ownership interest in Svava Pte. Ltd. believed at the time to be equal in
value to the cash transferred and consisting of stock in the foreign corporation","$133,450",150
"

Newcold Corby Holding II B.V.

N/A

Gravinnen Van Nassauboulevard 105
4811 BN Breda, Netherlands
Netherlands

","Oberlin College (EIN: 34-0714363) owns an interest in WCP Newcold, LP

(EIN: 47-3997648), who provided a Schedule K-1, Partner's

Share of Income, Deduction, Credit, etc. to Oberlin

College describing a IRC Sec. 351 contribution made by Newcold Holdings, LLC
to Newcold Corby Holding II B.V.

","Ownership interest in Newcold Corby Holding II B.V. believed at the time to be equal in
value to the cash transferred and consisting of stock in the foreign corporation","$102,724",151
"

Shares S.A.S

N/A

21 Rue des Filles du Calvaire
Paris, France, 75003

France

","Oberlin College (EIN: 34-0714363) owns an interest in Valar Fund VII LP

(EIN: 86-2223256), who provided a Schedule K-1, Partner's Share of Income, Deduction,
Credit, etc. to Oberlin College describing a IRC Sec. 351 contribution made by

Valar Fund VII LP to Shares S.A.S.

","Ownership interest in Shares S.A.S believed at the time to be equal in
value to the cash transferred and consisting of stock in the foreign corporation","$137,371",152
"

Portofino Technologies AG
N/A

Dammstrasse 18

6300 Zug, Switzerland
Switzerland

","Oberlin College (EIN: 34-0714363) owns an interest in Valar Fund VII LP

(EIN: 86-2223256), who provided a Schedule K-1, Partner's Share of Income, Deduction,
Credit, etc. to Oberlin College describing a IRC Sec. 351 contribution made by

Valar Fund VII LP to Portofino Technologies AG.

","Ownership interest in Portofino Technologies AG believed at the time to be equal in
value to the cash transferred and consisting of stock in the foreign corporation","$148,019",153
"

Nufin GmbH

N/A

Ziegelstr. 16

Berlin, 10117, Germany
Germany

","Oberlin College (EIN: 34-0714363) owns an interest in Valar Fund VII LP

(EIN: 86-2223256), who provided a Schedule K-1, Partner's Share of Income, Deduction,
Credit, etc. to Oberlin College describing a IRC Sec. 351 contribution made by

Valar Fund VII LP to Nufin GmbH.

","Ownership interest in Nufin GmbH believed at the time to be equal in
value to the cash transferred and consisting of stock in the foreign corporation","$94,759",154
"

(2) Name of Transferee: Dream Games Holdings Ltd

EIN: N/A

Address: Esentepe Mahallesi, Buyukdere Caddesi Maya Akar Center Block B Number:102/60
Sisli Istanbul Turkey

Country of Incorporation Turkey

","Oberlin College (EIN: 34-0714363) owns an interest in Index Ventures Growth VI (Jersey) L.P.
(EIN: 98-1614524), who provided a Schedule K-1, Partner's Share of Income, Deduction,
Credit, etc. to Oberlin College describing a IRC Sec. 351 contribution made by

Index Ventures Growth VI Jersey) L.P. to Dream Games Holdings Ltd.

(3) Consideration received: ","Ownership interest in Dream Games Holdings Ltd believed at the time to be equal in
value to the cash transferred and consisting of stock in the foreign corporation","$244,940",155
"

(2) Name of Transferee: Motorway Online Ltd

EIN: N/A

Address: International House, 24 Holborn Viaduct
London, England, EC1A 2BN, UK

Country of Incorporation United Kingdom

","Oberlin College (EIN: 34-0714363) owns an interest in Index Ventures Growth VI (Jersey) L.P.
(EIN: 98-1614524), who provided a Schedule K-1, Partner's Share of Income, Deduction,
Credit, etc. to Oberlin College describing a IRC Sec. 351 contribution made by

Index Ventures Growth VI (Jersey) L.P. to Motorway Online Ltd.

(3) Consideration received: ","Ownership interest in Motorway Online Ltd believed at the time to be equal in
value to the cash transferred and consisting of stock in the foreign corporation","$153,880",156
"

Kuda Technologies Limited
N/A

5 New Street Square
London, UK EC4A 3TW
United Kingdom

","Oberlin College (EIN: 34-0714363) owns an interest in Valar Fund VI LP

(EIN: 84-4735286), who provided a Schedule K-1, Partner's Share of Income, Deduction,
Credit, etc. to Oberlin College describing a IRC Sec. 351 contribution made by

Valar Fund VI LP to Kuda Technologies Limited

","Ownership interest in Kuda Technologies Limited believed at the time to be equal in
value to the cash transferred and consisting of stock in the foreign corporation","$266,551",157
"

Tangerine Financial Limited
N/A

54 Portland Place

London, UK W1B 1DY
United Kingdom

","Oberlin College (EIN: 34-0714363) owns an interest in Sango Capital Partners L.P.
(EIN: 98-1094492), who provided a Schedule K-1, Partner's

Share of Income, Deduction, Credit, etc. to Oberlin

College describing a IRC Sec. 351 contribution made by Sango Capital Partners L.P.
to Tangerine Financial Limited.

","Ownership interest in Tangerine Financial Limited believed at the time to be equal in
value to the cash transferred and consisting of stock in the foreign corporation","$95,006",158
"

Newcold Development BV

N/A

Gravinnen Van Nassauboulevard 105
Breda, 4811 BN, Netherlands
Netherlands

","Oberlin College (EIN: 34-0714363) owns an interest in WCP Newcold, LP

(EIN: 47-3997648), who provided a Schedule K-1, Partner's

Share of Income, Deduction, Credit, etc. to Oberlin

College describing a IRC Sec. 351 contribution made by Newcold Holdings, LLC
to Newcold Development BV.

","Ownership interest in Newcold Development BV believed at the time to be equal in
value to the cash transferred and consisting of stock in the foreign corporation","$1,955",159
"

Newcold Rheine Holdings II BV

N/A

Gravinnen Van Nassauboulevard 105
Breda, 4811 BN, Netherlands
Netherlands

","Oberlin College (EIN: 34-0714363) owns an interest in WCP Newcold, LP

(EIN: 47-3997648), who provided a Schedule K-1, Partner's

Share of Income, Deduction, Credit, etc. to Oberlin

College describing a IRC Sec. 351 contribution made by Newcold Holdings, LLC
to Newcold Rheine Holdings II BV.

","Ownership interest in Newcold Rheine Holdings II BV believed at the time to be equal in
value to the cash transferred and consisting of stock in the foreign corporation","$12,507",160
"

Paper Education Company Inc

N/A

279 Sherbrooke St West, Suite 410
Montreal, Quebec, Canada
Canada

","Oberlin College (EIN: 34-0714363) owns an interest in VIA Seed Technology Partners Platform Fund LP
(EIN: 47-5591775), who provided a Schedule K-1, Partner's

Share of Income, Deduction, Credit, etc. to Oberlin

College describing a IRC Sec. 351 contribution made by VIA Seed Technology Partners Platform Fund LP
to Paper Education Company Inc.

","Ownership interest in Paper Education Company Inc believed at the time to be equal in
value to the cash transferred and consisting of stock in the foreign corporation","$873,406",161
"

Swift Medical Inc

N/A

1 Richmond Street West, Suite 500
Toronto, Ontario, Canada

Canada

","Oberlin College (EIN: 34-0714363) owns an interest in VIA Seed Technology Partners Platform Fund LP
(EIN: 47-5591775), who provided a Schedule K-1, Partner's

Share of Income, Deduction, Credit, etc. to Oberlin

College describing a IRC Sec. 351 contribution made by VIA Seed Technology Partners Platform Fund LP
to Swift Medical Inc.

","Ownership interest in Swift Medical Inc believed at the time to be equal in
value to the cash transferred and consisting of stock in the foreign corporation","$116,914",162
"

Skywatch Space Applications Inc
N/A

14 ERB Street

Waterloo, Ontario, Canada
Canada

","Oberlin College (EIN: 34-0714363) owns an interest in VIA Seed Technology Partners Platform Fund LP
(EIN: 47-5591775), who provided a Schedule K-1, Partner's

Share of Income, Deduction, Credit, etc. to Oberlin

College describing a IRC Sec. 351 contribution made by VIA Seed Technology Partners Platform Fund LP
to Skywatch Space Applications Inc.

","Ownership interest in Skywatch Space Applications Inc believed at the time to be equal in
value to the cash transferred and consisting of stock in the foreign corporation","$154,219",163
"

PW Real Estate Fund III Feeder LP
98-1275822

1 Waverly Place, Union Street

St Helier JE1 1SG, Jersey

Jersey

","Oberlin College (EIN: 34-0714363) owns an interest in PW Real Estate Fund Ill Feeder LP
(EIN: 98-1275822). Oberlin College made made contributions described
under IRC Sec. 351 of cash to PW Real Estate Fund III Feeder LP.

","Ownership interest in PW Real Estate Fund IIl Feeder LP believed at the time to be equal in
value to the cash transferred and consisting of stock in the foreign corporation","$395,802",164
"

Plotlogic Pty, Ltd

N/A

12 Thompson Street, Bowen Hills
QLD 4006 Australia

Australia

","Oberlin College (EIN: 34-0714363) owns an interest in DCVC V, LP

(EIN: 83-3076877), who provided a Schedule K-1,

Partner's Share of Income, Deduction, Credit, etc. to Oberlin College describing
a IRC Sec. 351 contribution made by DCVC V, LP

to Plotlogic Pty, Ltd.

","Ownership interest in Plotlogic Pty, Ltd believed at the time to be equal in
value to the cash transferred and consisting of stock in the foreign corporation","$20,560",165
"

Bizmo Technologies Pte. Ltd.
N/A

68 Circular Road #02-01
Singapore, 049422
Singapore

","Oberlin College (EIN: 34-0714363) owns an interest in Valar Fund VI, LP

(EIN: 84-4735286), who provided a Schedule K-1, Partner's Share of Income, Deduction,
Credit, etc. to Oberlin College describing a IRC Sec. 351 contribution made by

Valar Fund VI, LP to Bizmo Technologies Pte. Ltd.

","Ownership interest in Bizmo Technologies Pte. Ltd. believed at the time to be equal in
value to the cash transferred and consisting of stock in the foreign corporation","$46,613",166
"

Bizmo Technologies Pte. Ltd.
N/A

68 Circular Road #02-01
Singapore, 049422
Singapore

","Oberlin College (EIN: 34-0714363) owns an interest in Valar Fund VII LP

(EIN: 86-2223256), who provided a Schedule K-1, Partner's Share of Income, Deduction,
Credit, etc. to Oberlin College describing a IRC Sec. 351 contribution made by

Valar Fund VII LP to Bizmo Technologies Pte. Ltd.

","Ownership interest in Bizmo Technologies Pte. Ltd. believed at the time to be equal in
value to the cash transferred and consisting of stock in the foreign corporation","$65,272",167
"

(2) Name of Transferee: Swift Medical Inc

EIN: N/A

Address: 1 Richmond Street West, Suite 500
Toronto, Ontario, Canada

Country of Incorporation Canada

","Oberlin College (EIN: 34-0714363) owns an interest in Data Collective IV, L.P.
(EIN: 81-1924847), who provided a Schedule K-1, Partner's

Share of Income, Deduction, Credit, etc. to Oberlin

College describing a IRC Sec. 351 contribution made by Data Collective IV, L.P.
to Swift Medical Inc.

(3) Consideration received: ","Ownership interest in Swift Medical Inc believed at the time to be equal in
value to the cash transferred and consisting of stock in the foreign corporation","$20,729",168
"

(2) Name of Transferee: Aviron Interactive Inc.
EIN: N/A
Address: 251 Bartley Drive, Unit 2
Toronto, Ontario, Canada, M4A2N7
Country of Incorporation Canada

","Oberlin College (EIN: 34-0714363) owns an interest in Stripes IV Offshore AIlV, LP

(EIN: 98-1423490), who provided a Schedule K-1, Partner's Share of Income, Deduction, Credit, etc.
to Oberlin College describing a IRC Sec. 351 contribution made by Stripes IV Offshore AIV, LP

to Aviron Interactive Inc.

(3) Consideration received: ","Ownership interest in Aviron Interactive Inc. believed at the time to be equal in
value to the cash transferred and consisting of stock in the foreign corporation","$94,819",169
"

Aviron Interactive Inc.

N/A

251 Bartley Drive, Unit 2

Toronto, Ontario, Canada, M4A2N7
Canada

","Oberlin College (EIN: 34-0714363) owns an interest in Stripes V(A) Offshore AIV, LP
(EIN: 98-1576367), who provided a Schedule K-1,

Partner's Share of Income, Deduction, Credit, etc. to Oberlin

College describing a IRC Sec. 351 contribution made by Stripes V(A) Offshore AIV, LP
to Aviron Interactive Inc.

","Ownership interest in Aviron Interactive Inc. believed at the time to be equal in
value to the cash transferred and consisting of stock in the foreign corporation","$64,909",170
